id,first_name,last_name,email,gender,country,address
1,Melanie,Skeldinge,mskeldinge0@comsenz.com,Bigender,Brazil,2 Milwaukee Place
2,Pamela,Goley,pgoley1@ft.com,Agender,Russia,0751 Crest Line Street
3,Terrie,Gillise,tgillise2@lulu.com,Male,Portugal,60740 Truax Road
6,Horton,Heibel,hheibel5@theatlantic.com,Genderqueer,China,37 Brown Junction
7,Wren,Vanner,wvanner6@wufoo.com,Agender,China,0852 Carberry Street
8,Mariam,Klishin,mklishin7@t.co,Genderfluid,China,6752 Heffernan Center
10,Alexa,Mowbury,amowbury9@amazon.de,Agender,China,931 Donald Terrace
12,Angelo,Menco,amencob@fastcompany.com,Bigender,Azerbaijan,69 Bowman Alley
14,Arleyne,Kener,akenerd@dedecms.com,Female,Thailand,56832 Steensland Pass
15,Laureen,Yakuntzov,lyakuntzove@barnesandnoble.com,Polygender,Russia,923 Bunting Crossing
17,Vida,Hartigan,vhartigang@eepurl.com,Male,Netherlands,88373 Derek Place
19,Karalee,Shilstone,kshilstonei@stumbleupon.com,Non-binary,Philippines,50540 Elmside Hill
20,Arley,Redwin,aredwinj@1und1.de,Agender,France,59 Mendota Trail
22,Augusto,Andrick,aandrickl@istockphoto.com,Non-binary,Indonesia,31322 Shoshone Hill
24,Baron,Wiggett,bwiggettn@tripadvisor.com,Polygender,Tanzania,3 Hoard Avenue
26,Lyndell,Alf,lalfp@mozilla.com,Male,Estonia,2654 Logan Parkway
31,Tomaso,Watting,twattingu@redcross.org,Male,China,840 Pennsylvania Trail
32,Cherianne,Tebbutt,ctebbuttv@printfriendly.com,Bigender,Indonesia,131 Corry Alley
35,Maddie,Spraggon,mspraggony@blogs.com,Female,Bosnia and Herzegovina,7 Bayside Pass
38,Linus,Hastin,lhastin11@ycombinator.com,Male,Philippines,2977 Oak Park
39,Babara,Cawson,bcawson12@bravesites.com,Female,Ukraine,3618 Troy Crossing
40,Anny,Saffran,asaffran13@bing.com,Bigender,Ukraine,0792 Warbler Park
41,Sheffield,Janisson,sjanisson14@skype.com,Bigender,Kazakhstan,7 Cambridge Circle
44,Madlin,Rouchy,mrouchy17@tuttocitta.it,Genderfluid,Thailand,807 Goodland Terrace
47,Kristi,McLewd,kmclewd1a@comsenz.com,Genderfluid,Brazil,009 Thackeray Way
49,Reuben,Fache,rfache1c@sciencedirect.com,Male,Colombia,75912 Steensland Junction
51,Arny,Plampin,aplampin1e@simplemachines.org,Polygender,Russia,5 Havey Circle
52,Iorgo,Jecks,ijecks1f@psu.edu,Genderfluid,Russia,31 Mifflin Terrace
55,Agnes,Wimlet,awimlet1i@aol.com,Polygender,China,6167 Talmadge Alley
59,Emmalyn,Eldrid,eeldrid1m@photobucket.com,Polygender,France,59 Rutledge Hill
60,Stillmann,Pendre,spendre1n@soup.io,Female,Malta,8 Caliangt Trail
62,Rhona,Ezzy,rezzy1p@wordpress.org,Male,Brazil,460 Hintze Avenue
64,Owen,Jenkison,ojenkison1r@twitter.com,Non-binary,Panama,61115 Park Meadow Court
65,Emery,Chimenti,echimenti1s@purevolume.com,Genderfluid,Philippines,00788 Talisman Way
69,Rory,Ellingham,rellingham1w@hostgator.com,Male,Canada,35083 Sloan Point
70,Dexter,Mucklow,dmucklow1x@phpbb.com,Agender,Russia,15364 Toban Terrace
71,Wolfie,Dreakin,wdreakin1y@wordpress.com,Bigender,South Korea,09 Summer Ridge Junction
74,Nelie,Issett,nissett21@amazonaws.com,Female,Colombia,7 Donald Road
75,Nathan,Towl,ntowl22@hud.gov,Polygender,Ivory Coast,96295 Boyd Street
77,Ede,Thumim,ethumim24@ted.com,Female,China,82099 Cardinal Alley
82,Bathsheba,LLelweln,bllelweln29@opensource.org,Genderfluid,Guinea-Bissau,6488 International Junction
83,Misty,Snodin,msnodin2a@bing.com,Female,China,83 Park Meadow Circle
85,Lorant,Battabee,lbattabee2c@ifeng.com,Bigender,Yemen,9543 Twin Pines Road
86,Tobe,Riddiford,triddiford2d@fema.gov,Bigender,Japan,88968 Porter Avenue
87,Tammi,Giblett,tgiblett2e@zdnet.com,Agender,Indonesia,335 Lake View Drive
89,Magnum,Furlow,mfurlow2g@shop-pro.jp,Genderqueer,Portugal,668 Mockingbird Pass
90,Tedd,Nelane,tnelane2h@sbwire.com,Genderqueer,Saudi Arabia,450 Waubesa Terrace
93,Mel,Sliman,msliman2k@bloglines.com,Genderqueer,Colombia,94486 Morningstar Road
94,Allis,Foystone,afoystone2l@t.co,Polygender,Indonesia,0 Ludington Point
97,Cornelius,Whitehurst,cwhitehurst2o@wiley.com,Female,China,0907 Lerdahl Trail
98,Vanni,Braune,vbraune2p@unesco.org,Female,Brazil,3623 Lakewood Gardens Circle
100,Hyacinthie,Kitlee,hkitlee2r@4shared.com,Agender,Brazil,3311 Tomscot Junction
101,Delores,Poyle,dpoyle2s@livejournal.com,Genderfluid,Costa Rica,94 Old Shore Trail
102,Violante,Sudran,vsudran2t@wikia.com,Genderfluid,France,6 Birchwood Lane
103,Maxine,Alden,malden2u@ted.com,Female,Philippines,3 Mockingbird Avenue
104,Nerty,Adne,nadne2v@ebay.com,Agender,Malaysia,7 Kinsman Avenue
106,Kellen,Robertshaw,krobertshaw2x@ebay.com,Agender,Indonesia,338 Warner Junction
109,Pedro,Shotboult,pshotboult30@buzzfeed.com,Female,China,60 Petterle Point
110,Nickolas,Firman,nfirman31@tamu.edu,Non-binary,Zambia,71614 7th Alley
111,Prentiss,Coopey,pcoopey32@liveinternet.ru,Female,Philippines,88914 Ridgeview Terrace
112,Camille,Aicheson,caicheson33@nydailynews.com,Male,Colombia,0852 Bultman Crossing
113,Kylila,Furmagier,kfurmagier34@icq.com,Polygender,Palestinian Territory,530 Northfield Road
114,Keelby,Woosnam,kwoosnam35@unblog.fr,Polygender,Armenia,1 Sunnyside Park
115,Tori,Humber,thumber36@nymag.com,Genderfluid,Venezuela,3609 Upham Pass
117,Hulda,Lashmar,hlashmar38@tripod.com,Agender,Armenia,743 Gale Terrace
120,Elvyn,de Amaya,edeamaya3b@list-manage.com,Male,Philippines,9 Transport Terrace
121,Magda,Barnham,mbarnham3c@sitemeter.com,Polygender,Canada,953 Daystar Place
123,Alfonse,Beaves,abeaves3e@plala.or.jp,Non-binary,Czech Republic,044 Del Sol Lane
129,Cherrita,Jerwood,cjerwood3k@sciencedaily.com,Agender,New Zealand,9244 Clyde Gallagher Hill
132,Hester,Petracci,hpetracci3n@myspace.com,Non-binary,Portugal,18 Johnson Avenue
134,Noella,Parnby,nparnby3p@bing.com,Female,Brazil,8366 Maryland Hill
138,Terese,Alabastar,talabastar3t@twitter.com,Genderfluid,Brazil,44 Comanche Hill
139,Allen,Hinz,ahinz3u@wufoo.com,Genderfluid,Russia,99 Raven Place
143,Rice,Holgan,rholgan3y@cdc.gov,Agender,Colombia,030 Kings Circle
144,Vinita,Mcwhinney,vmcwhinney3z@spiegel.de,Genderfluid,Vietnam,17 Hoepker Trail
145,Bryn,Nimmo,bnimmo40@mashable.com,Genderfluid,Sweden,74 Roth Center
148,La verne,Smeeton,lsmeeton43@xinhuanet.com,Non-binary,China,636 Linden Way
150,Malynda,Darkins,mdarkins45@examiner.com,Polygender,Poland,82 Fairfield Point
154,Bernice,Leader,bleader49@histats.com,Polygender,Peru,9919 East Drive
158,Ellwood,McAllister,emcallister4d@dyndns.org,Genderfluid,Mexico,7331 Center Terrace
159,Karlee,Toten,ktoten4e@businessinsider.com,Male,China,5568 Bobwhite Center
160,Tarah,Causier,tcausier4f@gnu.org,Female,Indonesia,26 Sloan Trail
161,Ines,Pairpoint,ipairpoint4g@wikispaces.com,Genderqueer,China,8781 Buell Drive
163,Brooks,Behn,bbehn4i@amazon.de,Genderqueer,Peru,755 Basil Avenue
164,Bradly,Prestedge,bprestedge4j@bing.com,Genderqueer,Germany,976 Meadow Ridge Crossing
165,Erinna,Shafier,eshafier4k@oaic.gov.au,Bigender,Indonesia,0 Forest Run Trail
166,Eldin,Lotze,elotze4l@apple.com,Female,Philippines,659 Old Shore Place
167,Isac,McKiddin,imckiddin4m@cam.ac.uk,Genderqueer,Pakistan,90413 Transport Park
173,Noni,Brito,nbrito4s@wix.com,Polygender,Zambia,1384 Lyons Center
177,Avie,Filippov,afilippov4w@trellian.com,Genderfluid,Indonesia,05 Division Hill
179,Nalani,de Chastelain,ndechastelain4y@indiegogo.com,Agender,Netherlands,9764 Jackson Alley
180,Cordi,Pogson,cpogson4z@over-blog.com,Genderqueer,Nigeria,7 Eggendart Place
181,Zebulon,Swaden,zswaden50@google.de,Bigender,Indonesia,42 Division Road
184,Kameko,Bricham,kbricham53@csmonitor.com,Agender,Japan,95 Fisk Terrace
187,Freddy,Dmitrievski,fdmitrievski56@biglobe.ne.jp,Genderfluid,China,81219 Commercial Avenue
188,Urban,Edmonstone,uedmonstone57@tripod.com,Genderfluid,Brazil,984 Ryan Court
189,Sarette,Flaws,sflaws58@creativecommons.org,Agender,Bolivia,4 Rockefeller Point
190,Stinky,Allington,sallington59@cdc.gov,Genderfluid,Papua New Guinea,53160 New Castle Crossing
191,Lonee,Cogzell,lcogzell5a@tinyurl.com,Bigender,France,5 Magdeline Trail
192,Brnaba,Hedau,bhedau5b@moonfruit.com,Genderfluid,Netherlands,91284 Dunning Drive
196,Lorant,Brandt,lbrandt5f@xing.com,Non-binary,Zimbabwe,3 Farragut Hill
197,Brit,Pollard,bpollard5g@bravesites.com,Genderfluid,Serbia,08 Dunning Way
198,Shellysheldon,Keymer,skeymer5h@issuu.com,Female,Serbia,05302 School Junction
199,Stace,Kleinhandler,skleinhandler5i@sogou.com,Male,Lebanon,3 Elka Plaza
200,Kayla,Shevell,kshevell5j@nytimes.com,Genderfluid,Germany,73 Thierer Alley
201,Kerry,Perks,kperks5k@va.gov,Bigender,Croatia,5759 High Crossing Lane
203,Dal,Capner,dcapner5m@reddit.com,Non-binary,Sweden,6 Surrey Trail
204,Colas,Ker,cker5n@amazonaws.com,Agender,Japan,1923 Riverside Terrace
207,Laurie,Claesens,lclaesens5q@sun.com,Female,China,231 Emmet Pass
208,Petronilla,Birwhistle,pbirwhistle5r@discovery.com,Polygender,Indonesia,414 Victoria Alley
209,Karina,Russam,krussam5s@pagesperso-orange.fr,Male,Latvia,25197 Novick Drive
210,Cosetta,Tine,ctine5t@miibeian.gov.cn,Bigender,Russia,246 Loomis Junction
217,Karilynn,Sawdon,ksawdon60@oracle.com,Female,China,77 Heffernan Point
218,Hildegaard,Oscroft,hoscroft61@nasa.gov,Agender,Brazil,18708 Oak Valley Avenue
225,Susanne,Kedie,skedie68@addtoany.com,Genderqueer,Tunisia,95 Sauthoff Center
229,Ellynn,Delves,edelves6c@craigslist.org,Genderqueer,Poland,1165 Cambridge Terrace
230,Casi,Queripel,cqueripel6d@newsvine.com,Agender,Guadeloupe,11541 Dexter Crossing
235,Wright,Beeby,wbeeby6i@pagesperso-orange.fr,Non-binary,Botswana,5167 Pond Parkway
236,Bree,Moffat,bmoffat6j@yahoo.com,Male,Ukraine,700 Johnson Alley
237,Nat,Audritt,naudritt6k@ucoz.ru,Male,Poland,5 Briar Crest Alley
243,Regina,Storek,rstorek6q@surveymonkey.com,Female,Kazakhstan,2512 Golden Leaf Trail
244,Zeke,Got,zgot6r@nifty.com,Female,China,580 Hooker Hill
245,Marcel,Maciejak,mmaciejak6s@rambler.ru,Non-binary,Egypt,17011 Thompson Junction
246,Jordon,Stannering,jstannering6t@naver.com,Genderqueer,Honduras,37497 Bunker Hill Hill
248,Denys,Alps,dalps6v@yolasite.com,Genderqueer,Brazil,76 David Way
249,Lorain,Shergold,lshergold6w@theatlantic.com,Genderfluid,Portugal,2 Mesta Crossing
250,Daron,Snary,dsnary6x@nationalgeographic.com,Agender,Netherlands,62354 Morningstar Crossing
251,Debee,Bispo,dbispo6y@netlog.com,Female,France,5 Longview Junction
253,Sherye,Blanchette,sblanchette70@google.nl,Male,Indonesia,16 Browning Avenue
257,Conny,Tynan,ctynan74@indiegogo.com,Bigender,Finland,8 Burning Wood Center
259,Dana,McGorley,dmcgorley76@sitemeter.com,Genderfluid,Russia,31 Dottie Road
262,Huntington,Shipsey,hshipsey79@over-blog.com,Non-binary,United States,30 Schurz Place
263,Jennifer,Bazely,jbazely7a@liveinternet.ru,Genderfluid,China,5 Dryden Pass
264,Rose,Greg,rgreg7b@delicious.com,Bigender,Indonesia,32718 David Road
265,Moselle,Storey,mstorey7c@europa.eu,Genderfluid,Ukraine,21143 Summit Junction
266,Ingram,Eastway,ieastway7d@tuttocitta.it,Genderfluid,China,567 Delladonna Terrace
267,Baryram,Mollene,bmollene7e@360.cn,Non-binary,Myanmar,7 Farmco Crossing
268,Filbert,Ferrino,fferrino7f@slashdot.org,Bigender,China,3 Thackeray Court
271,Pansie,Tipens,ptipens7i@alibaba.com,Agender,Sweden,0 Atwood Center
272,Marta,Ghiriardelli,mghiriardelli7j@oaic.gov.au,Male,Philippines,03250 Melody Terrace
276,Dale,Queree,dqueree7n@tmall.com,Polygender,Russia,05 Lakewood Gardens Hill
279,Wilden,Lawford,wlawford7q@arizona.edu,Agender,Uruguay,9 Bartelt Trail
282,Nicholle,Delooze,ndelooze7t@nytimes.com,Female,Indonesia,68 Evergreen Alley
284,Boniface,Luberto,bluberto7v@stumbleupon.com,Bigender,Honduras,00 Bowman Park
286,Dall,Gotecliffe,dgotecliffe7x@dyndns.org,Agender,Albania,65 Wayridge Lane
287,Keelia,Vondruska,kvondruska7y@amazonaws.com,Genderfluid,Brazil,9 Bartillon Avenue
289,Lennard,Bazell,lbazell80@whitehouse.gov,Genderfluid,China,58 Susan Alley
290,Mareah,Pimblotte,mpimblotte81@census.gov,Non-binary,Indonesia,4901 Oakridge Terrace
293,Joye,Ren,jren84@tuttocitta.it,Genderfluid,China,900 Brentwood Road
294,Rudolf,Ginnety,rginnety85@bizjournals.com,Male,Russia,5 Hanson Trail
296,Talya,Kilbey,tkilbey87@mlb.com,Genderqueer,Nigeria,56 Lighthouse Bay Center
297,Clair,Paulazzi,cpaulazzi88@php.net,Male,Philippines,344 Packers Hill
300,Alexi,Raddon,araddon8b@xrea.com,Male,Mauritius,29 Bonner Circle
301,Vicky,MacMakin,vmacmakin8c@aol.com,Non-binary,United States,1 Valley Edge Terrace
307,Berny,Packe,bpacke8i@hud.gov,Bigender,Czech Republic,01 Welch Junction
308,Giovanni,Krysztowczyk,gkrysztowczyk8j@nationalgeographic.com,Polygender,Philippines,5 Meadow Vale Street
310,Talia,Devenny,tdevenny8l@sun.com,Polygender,Indonesia,3 Mesta Junction
314,Mata,Wisker,mwisker8p@un.org,Genderfluid,Brazil,01975 Eastlawn Way
316,Eadith,Meindl,emeindl8r@tmall.com,Agender,Norway,01 Northridge Alley
317,Farris,Fillis,ffillis8s@walmart.com,Agender,Philippines,424 Cody Pass
318,Felicity,Vasilischev,fvasilischev8t@home.pl,Non-binary,Portugal,48 Springs Way
319,Natividad,Phinn,nphinn8u@ihg.com,Agender,United States,38 Merchant Way
320,Juliann,Frostdicke,jfrostdicke8v@elpais.com,Male,Russia,47419 Helena Crossing
321,Nester,Burrow,nburrow8w@pcworld.com,Genderqueer,Brazil,05007 Bashford Lane
326,Homere,Brimacombe,hbrimacombe91@wikia.com,Female,Israel,76833 Caliangt Lane
327,Seamus,Brandi,sbrandi92@canalblog.com,Genderfluid,France,4672 Forest Run Way
328,Errick,Marcam,emarcam93@phpbb.com,Polygender,Czech Republic,6 Welch Street
329,Padget,Tippett,ptippett94@utexas.edu,Bigender,France,56124 Fisk Parkway
330,Vanny,Shearwood,vshearwood95@adobe.com,Genderfluid,Russia,67563 West Trail
332,Jessee,Lusher,jlusher97@yellowpages.com,Male,Poland,91 Acker Crossing
336,Amity,Goodier,agoodier9b@vimeo.com,Non-binary,Indonesia,6 Milwaukee Way
338,Hedi,Le Houx,hlehoux9d@yale.edu,Female,Comoros,67773 Armistice Avenue
339,Gerri,Pennazzi,gpennazzi9e@smugmug.com,Male,Russia,28 Sundown Street
340,Griffin,Ferguson,gferguson9f@gnu.org,Genderfluid,Afghanistan,815 Karstens Street
343,Ibrahim,Wraggs,iwraggs9i@diigo.com,Genderqueer,Sweden,9 Clemons Court
344,Frans,Cowles,fcowles9j@wikispaces.com,Genderfluid,Laos,63 Everett Street
346,Christy,Cordelet,ccordelet9l@ted.com,Agender,Philippines,46 Sachtjen Circle
347,Emmalyn,Corssen,ecorssen9m@bandcamp.com,Male,China,1 Burrows Way
348,Marieann,Brumble,mbrumble9n@google.ca,Agender,Russia,61 Superior Plaza
350,Legra,Tingcomb,ltingcomb9p@engadget.com,Non-binary,Finland,461 Moose Avenue
354,Briano,Luebbert,bluebbert9t@myspace.com,Male,Indonesia,674 Luster Junction
356,Lemmy,Coushe,lcoushe9v@github.io,Female,Brazil,276 1st Lane
358,Cornie,Grabb,cgrabb9x@sfgate.com,Male,China,645 Gerald Alley
359,Liz,Kubala,lkubala9y@forbes.com,Female,South Korea,3 Judy Drive
360,Ellynn,Riddiough,eriddiough9z@usnews.com,Non-binary,South Korea,00951 Sundown Drive
361,Cesar,Gowling,cgowlinga0@feedburner.com,Genderfluid,Azerbaijan,0 Memorial Junction
367,Stormie,Bartali,sbartalia6@psu.edu,Bigender,Indonesia,6103 Holy Cross Lane
369,Willabella,Pickvance,wpickvancea8@dell.com,Female,China,9471 Brickson Park Trail
372,Justinian,Van de Castele,jvandecasteleab@technorati.com,Genderfluid,France,601 Manufacturers Drive
373,Alvin,Shobrook,ashobrookac@columbia.edu,Bigender,Poland,35776 Hermina Circle
374,Mignonne,Ivachyov,mivachyovad@dailymotion.com,Male,China,51 Steensland Hill
376,Rodi,Maureen,rmaureenaf@myspace.com,Agender,Indonesia,09546 Pennsylvania Park
378,Sharona,Bevens,sbevensah@samsung.com,Bigender,Tanzania,18016 Superior Parkway
380,Susanna,Kelley,skelleyaj@scribd.com,Genderqueer,Indonesia,953 Vidon Terrace
381,Shir,Macci,smacciak@1688.com,Male,Ukraine,3 Eliot Junction
383,Antonio,Scruton,ascrutonam@skype.com,Genderfluid,Sweden,77214 Rieder Place
385,Gabrielle,Seedman,gseedmanao@aol.com,Bigender,Russia,52472 Reinke Lane
388,Juliet,Harriss,jharrissar@house.gov,Female,Guatemala,28740 Jana Lane
390,Kayle,Sympson,ksympsonat@slashdot.org,Agender,China,20 Commercial Terrace
392,Dionne,Boole,dbooleav@nba.com,Agender,Serbia,63024 Nobel Point
393,Ara,McTrustie,amctrustieaw@squarespace.com,Non-binary,United States,1060 Pankratz Alley
395,Der,Forrest,dforrestay@google.com.br,Non-binary,Indonesia,8 Mallory Plaza
399,Tommie,Cosby,tcosbyb2@plala.or.jp,Male,China,4 Village Green Crossing
400,Minda,Thrasher,mthrasherb3@example.com,Genderqueer,Venezuela,01 Commercial Pass
401,Rory,Stallion,rstallionb4@altervista.org,Non-binary,Afghanistan,8524 Comanche Court
403,Giovanna,Ughelli,gughellib6@prlog.org,Polygender,Tunisia,96 Ryan Center
404,Law,Sabathier,lsabathierb7@yellowpages.com,Polygender,Poland,315 Schurz Pass
405,Valera,Myles,vmylesb8@cargocollective.com,Bigender,Czech Republic,8146 Annamark Point
406,Corena,Horsewood,chorsewoodb9@fema.gov,Non-binary,China,33 Basil Way
407,Collie,Garmanson,cgarmansonba@joomla.org,Non-binary,China,27 3rd Drive
408,Kaspar,Vennings,kvenningsbb@1688.com,Genderfluid,Poland,87 Hagan Park
409,Shaun,Denham,sdenhambc@vkontakte.ru,Agender,China,5 Wayridge Lane
410,Shoshanna,Kilrow,skilrowbd@alibaba.com,Male,Indonesia,6389 Laurel Parkway
411,Ara,Riveles,arivelesbe@wikia.com,Bigender,Philippines,75804 Stone Corner Street
412,Bathsheba,Pendrey,bpendreybf@reverbnation.com,Non-binary,Indonesia,660 Porter Park
421,Bendite,McFeate,bmcfeatebo@free.fr,Non-binary,China,64 Dawn Court
422,Madelene,Domengue,mdomenguebp@mlb.com,Bigender,Brazil,6 Moose Place
426,Sanderson,Wontner,swontnerbt@bbb.org,Non-binary,Russia,3623 Kipling Park
427,Riane,Edson,redsonbu@answers.com,Genderfluid,Indonesia,6 Bartillon Hill
428,Griffith,Hallwell,ghallwellbv@pbs.org,Bigender,Mexico,43 Village Green Drive
429,Hanny,Harle,hharlebw@elegantthemes.com,Bigender,Ukraine,52 Grim Street
431,Marin,Peabody,mpeabodyby@pinterest.com,Genderqueer,Azerbaijan,496 Northland Hill
433,Ambrosi,Feldbau,afeldbauc0@fc2.com,Agender,China,72197 Hoffman Street
434,Kimberley,Foulger,kfoulgerc1@pinterest.com,Bigender,China,65339 Monterey Center
436,Dorothy,Pietrusiak,dpietrusiakc3@behance.net,Agender,China,67005 Truax Court
438,Ennis,Shera,esherac5@moonfruit.com,Genderfluid,Peru,1 Westerfield Junction
440,Justinian,Juden,jjudenc7@gnu.org,Genderfluid,Nigeria,83430 Tomscot Circle
441,Conway,McGill,cmcgillc8@skype.com,Female,Georgia,81447 Utah Hill
442,Riva,Alloisi,ralloisic9@newyorker.com,Female,Colombia,5013 Bay Crossing
444,Lief,Goodyear,lgoodyearcb@disqus.com,Female,South Africa,63 Stephen Drive
445,Husain,Bould,hbouldcc@digg.com,Genderfluid,Poland,118 Hauk Trail
446,Onfre,Epp,oeppcd@fema.gov,Agender,Russia,3523 Magdeline Place
447,Odo,Cullington,ocullingtonce@discuz.net,Non-binary,Guam,40 Pepper Wood Road
449,Mischa,Lines,mlinescg@rediff.com,Male,Canada,848 Truax Junction
453,Norene,McMeekan,nmcmeekanck@delicious.com,Agender,Albania,16784 Cardinal Court
456,Noreen,Gloster,nglostercn@netvibes.com,Female,Venezuela,5 Monica Terrace
459,Kristian,McLenaghan,kmclenaghancq@aboutads.info,Genderfluid,Philippines,3 Anzinger Court
462,Manuel,Egleton,megletonct@google.com,Female,Indonesia,6 Mandrake Center
463,Aundrea,Burfoot,aburfootcu@army.mil,Non-binary,Lebanon,40 Fieldstone Park
465,Eimile,Nethercott,enethercottcw@harvard.edu,Genderfluid,China,74987 Superior Avenue
466,Wolf,Munslow,wmunslowcx@simplemachines.org,Bigender,Ukraine,3 Delaware Hill
467,Clara,Grissett,cgrissettcy@webnode.com,Bigender,Germany,8206 Lotheville Road
471,Vito,Hove,vhoved2@dailymail.co.uk,Female,United States,8806 Katie Court
474,Sully,Twentyman,stwentymand5@dailymail.co.uk,Male,Philippines,25 Hansons Lane
480,Elsey,Cheal,echealdb@intel.com,Genderqueer,Philippines,71128 Surrey Lane
481,Dasi,Nineham,dninehamdc@youtu.be,Agender,Indonesia,520 Menomonie Circle
483,Mignonne,Gildersleeve,mgildersleevede@imageshack.us,Genderqueer,China,53 Barby Plaza
485,Hanan,Wivell,hwivelldg@elpais.com,Bigender,Greece,8 Rowland Trail
486,Emmeline,Tonkinson,etonkinsondh@smugmug.com,Polygender,United States,4 Green Ridge Alley
488,Hanna,Welchman,hwelchmandj@whitehouse.gov,Genderqueer,Thailand,34635 Jana Place
492,Livia,Higgen,lhiggendn@elegantthemes.com,Polygender,Mexico,6161 Mayer Circle
494,Felicia,Sollett,fsollettdp@indiegogo.com,Male,Poland,90 Springview Lane
495,Geraldine,Bortolomei,gbortolomeidq@hubpages.com,Polygender,Philippines,359 Oriole Terrace
496,Trixie,Kolodziejski,tkolodziejskidr@springer.com,Male,China,50406 Oxford Way
499,Helaine,Screase,hscreasedu@nytimes.com,Polygender,Egypt,78273 Bartillon Park
501,Freemon,Drivers,fdriversdw@amazon.co.uk,Agender,Poland,223 Oak Valley Hill
502,Vevay,Waudby,vwaudbydx@tumblr.com,Bigender,Indonesia,967 Bellgrove Drive
505,Millicent,Basey,mbaseye0@themeforest.net,Genderqueer,Guyana,25996 Cottonwood Drive
506,Moina,Dykas,mdykase1@ebay.com,Non-binary,Malaysia,53666 Petterle Circle
509,Goldi,Roaf,groafe4@prlog.org,Bigender,Canada,04930 Maple Way
510,Maxie,Lowmass,mlowmasse5@disqus.com,Bigender,China,8 Esch Crossing
511,Kendal,Setterington,ksetteringtone6@phoca.cz,Polygender,Russia,7343 Bay Lane
512,Aime,Lawfull,alawfulle7@studiopress.com,Bigender,Indonesia,8 Northview Court
513,Rebecka,Godart,rgodarte8@amazon.de,Male,Russia,62 Golf Course Terrace
515,Fanya,Himsworth,fhimsworthea@list-manage.com,Agender,China,889 Sunfield Crossing
517,Sonni,Yakunikov,syakunikovec@java.com,Non-binary,France,0948 Sunbrook Way
518,Devinne,Jennings,djenningsed@tamu.edu,Polygender,China,9034 Springs Circle
519,Filippa,Broyd,fbroydee@usgs.gov,Male,Indonesia,81193 Sachtjen Point
522,Hildagarde,Delacourt,hdelacourteh@tinyurl.com,Polygender,China,74655 Westport Way
528,Alidia,Franseco,afransecoen@aol.com,Genderqueer,Belarus,6091 Riverside Point
529,Althea,Sine,asineeo@bizjournals.com,Polygender,Brazil,55 Goodland Center
530,Skipp,Popland,spoplandep@slashdot.org,Non-binary,United States,22823 Jackson Hill
533,Morganica,Lyard,mlyardes@wikispaces.com,Bigender,Saudi Arabia,162 Hansons Crossing
534,Edward,Fawdery,efawderyet@vimeo.com,Agender,China,0555 Merrick Circle
535,Ned,Akester,nakestereu@cnet.com,Genderfluid,Azerbaijan,1697 Reindahl Place
536,Desi,Dorkins,ddorkinsev@senate.gov,Agender,Brazil,70 Algoma Lane
539,Lethia,Levay,llevayey@tinyurl.com,Polygender,Cameroon,72 Main Way
542,Kiley,Kinchley,kkinchleyf1@imdb.com,Genderfluid,Azerbaijan,08 Schlimgen Plaza
543,Lari,Malt,lmaltf2@salon.com,Genderfluid,China,7 Prairie Rose Trail
546,Marjy,Gladyer,mgladyerf5@163.com,Polygender,Argentina,067 Pond Pass
548,Joeann,Mattiazzo,jmattiazzof7@wikipedia.org,Non-binary,China,0053 Forest Run Circle
551,Gwyn,Apfler,gapflerfa@bravesites.com,Male,Czech Republic,27 Gateway Point
552,Everett,Kobiera,ekobierafb@reuters.com,Genderfluid,China,4 Northwestern Pass
554,Guthry,Grubey,ggrubeyfd@behance.net,Male,Japan,012 Union Hill
557,Sawyer,Ollington,sollingtonfg@qq.com,Agender,China,469 Karstens Center
558,Hyatt,Philippsohn,hphilippsohnfh@storify.com,Genderqueer,Philippines,8 Weeping Birch Court
559,Dinnie,Ipwell,dipwellfi@behance.net,Genderqueer,Belarus,86 Hanson Court
560,Eleonore,Lambol,elambolfj@phpbb.com,Female,Indonesia,62688 Muir Terrace
561,Bennie,Gutman,bgutmanfk@pagesperso-orange.fr,Bigender,Kazakhstan,3324 Twin Pines Point
562,Robbin,Sowrey,rsowreyfl@harvard.edu,Genderqueer,Philippines,9556 Ruskin Hill
563,Deedee,Pierce,dpiercefm@samsung.com,Genderqueer,China,333 Sachtjen Road
564,Yale,Buffin,ybuffinfn@shareasale.com,Male,Indonesia,80 Sugar Way
568,Geralda,Pettet,gpettetfr@blogs.com,Male,Sweden,187 Laurel Court
569,Rosemonde,Brisard,rbrisardfs@bandcamp.com,Agender,Czech Republic,12318 Bluestem Avenue
570,Yard,Ygoe,yygoeft@photobucket.com,Male,South Korea,269 Kings Trail
571,Kally,Whitehurst,kwhitehurstfu@usatoday.com,Bigender,China,84776 Coleman Plaza
573,Fidole,Shapera,fshaperafw@washingtonpost.com,Bigender,Indonesia,8 Carpenter Alley
575,Gavin,Branscomb,gbranscombfy@blogspot.com,Male,Sweden,97 Sloan Drive
576,Dietrich,Yitzhak,dyitzhakfz@multiply.com,Genderqueer,China,6 Sycamore Way
578,Murry,Tomasicchio,mtomasicchiog1@alexa.com,Female,Peru,10782 Milwaukee Pass
580,Trumann,Ackenson,tackensong3@bluehost.com,Female,Russia,729 Stoughton Point
581,Ashil,Badrick,abadrickg4@nhs.uk,Agender,Russia,5 Bobwhite Park
584,Viva,Leathem,vleathemg7@prnewswire.com,Genderfluid,China,9021 Sommers Crossing
585,Kalle,Eton,ketong8@dedecms.com,Genderfluid,China,15 Farragut Plaza
587,Raphaela,Pretor,rpretorga@fema.gov,Genderqueer,Bangladesh,7 Eggendart Way
591,Gerianna,Sherborn,gsherbornge@wiley.com,Female,Russia,646 Rusk Plaza
593,Lynnell,Roxbee,lroxbeegg@eventbrite.com,Agender,Morocco,34922 Swallow Center
596,Neila,Gowan,ngowangj@vimeo.com,Genderqueer,France,8 Sunbrook Crossing
597,Maudie,Gratten,mgrattengk@angelfire.com,Female,Japan,32 Crownhardt Avenue
598,Marv,Sabbatier,msabbatiergl@usda.gov,Agender,Dominican Republic,4595 Oxford Junction
602,Teena,Obbard,tobbardgp@shareasale.com,Female,China,569 Briar Crest Junction
603,Allison,Nano,ananogq@technorati.com,Female,Brazil,2514 Mitchell Way
611,Marigold,Valentino,mvalentinogy@goo.gl,Non-binary,Morocco,7129 Homewood Plaza
612,Debby,Stichall,dstichallgz@netscape.com,Agender,Latvia,07 Bunker Hill Street
616,Farlay,Robjohns,frobjohnsh3@altervista.org,Genderfluid,Cape Verde,3374 Portage Alley
617,Tucky,McClifferty,tmccliffertyh4@skype.com,Polygender,Malta,67 Maple Wood Way
618,Chelsy,Prendeguest,cprendeguesth5@hostgator.com,Agender,Thailand,29689 Lerdahl Lane
619,Gretel,Blacket,gblacketh6@forbes.com,Agender,Ukraine,8 1st Parkway
620,Hammad,Zarfati,hzarfatih7@angelfire.com,Agender,Greece,333 Daystar Point
623,Roze,Kilshaw,rkilshawha@usgs.gov,Non-binary,Philippines,27810 Dapin Court
624,Xaviera,Vanderplas,xvanderplashb@mlb.com,Female,Brazil,78 Huxley Hill
629,Sybilla,Corkitt,scorkitthg@theguardian.com,Genderfluid,Vietnam,5 Sauthoff Way
633,Ari,Cordaroy,acordaroyhk@google.com,Genderfluid,China,687 Hallows Pass
640,Wait,Scoterbosh,wscoterboshhr@live.com,Polygender,Japan,98051 Elgar Park
644,Laurene,Juszczyk,ljuszczykhv@php.net,Female,Indonesia,9 7th Trail
645,Marquita,Frain,mfrainhw@accuweather.com,Polygender,Japan,5 Ridge Oak Court
647,Ynes,O'Cannavan,yocannavanhy@china.com.cn,Female,China,5171 Lindbergh Way
650,Kahlil,Rumford,krumfordi1@nasa.gov,Female,South Africa,59 Browning Park
651,Corny,Fantham,cfanthami2@microsoft.com,Bigender,Greece,02 Manufacturers Road
655,Florinda,Gayler,fgayleri6@dropbox.com,Genderfluid,Indonesia,33 Debra Trail
656,Lenore,Kislingbury,lkislingburyi7@hc360.com,Bigender,China,1934 Loomis Avenue
657,Rickie,Christauffour,rchristauffouri8@dion.ne.jp,Female,Philippines,489 Reinke Place
658,Carilyn,Winkell,cwinkelli9@friendfeed.com,Genderfluid,Indonesia,33 Crowley Circle
659,Auberta,Aven,aavenia@bloomberg.com,Genderfluid,China,7 1st Lane
660,Minda,Minocchi,mminocchiib@wikia.com,Polygender,Indonesia,469 Grim Way
663,Roderich,Prudham,rprudhamie@netvibes.com,Male,Bulgaria,1 Talisman Drive
665,Marielle,Dugall,mdugallig@yellowpages.com,Agender,South Korea,225 Monica Trail
667,Emera,Cirlos,ecirlosii@goo.gl,Agender,Philippines,45 Troy Pass
671,Gussy,Mattin,gmattinim@weather.com,Polygender,China,61 Ryan Avenue
673,Claire,Donwell,cdonwellio@ox.ac.uk,Genderfluid,China,8838 Daystar Plaza
674,Guglielma,Last,glastip@nbcnews.com,Non-binary,Indonesia,052 Bunting Parkway
676,Karisa,Reisin,kreisinir@sitemeter.com,Male,United States,57 Eastlawn Lane
679,Brose,Degli Antoni,bdegliantoniiu@chicagotribune.com,Polygender,China,16 Butterfield Point
681,Dara,Stoade,dstoadeiw@addthis.com,Non-binary,China,40 Warner Road
682,Goran,Monget,gmongetix@joomla.org,Genderfluid,China,624 Rowland Center
685,Jolene,Arnault,jarnaultj0@arizona.edu,Polygender,China,9402 Linden Parkway
686,Darrel,Skyner,dskynerj1@reverbnation.com,Non-binary,China,17 Old Shore Park
687,Rina,Pirouet,rpirouetj2@qq.com,Female,Philippines,352 3rd Park
688,Jone,Hayen,jhayenj3@ebay.co.uk,Female,Mexico,29370 Twin Pines Point
689,Fabiano,Lichtfoth,flichtfothj4@mozilla.com,Female,Indonesia,078 Gerald Street
691,Del,Euesden,deuesdenj6@networksolutions.com,Male,Indonesia,82 Arkansas Park
695,Harley,Tearle,htearleja@slideshare.net,Non-binary,Georgia,28 Nova Trail
696,Lionel,Hallford,lhallfordjb@last.fm,Agender,China,550 Reindahl Street
697,Cad,Fleg,cflegjc@woothemes.com,Bigender,Armenia,61 Crest Line Place
698,Niles,Bothams,nbothamsjd@yolasite.com,Non-binary,China,0 Mayer Terrace
699,Vassili,Crolla,vcrollaje@twitter.com,Genderfluid,China,0583 Warbler Circle
701,Noak,Grubey,ngrubeyjg@si.edu,Non-binary,Colombia,8 Manitowish Plaza
702,Georgiana,Cookes,gcookesjh@wordpress.com,Agender,Bolivia,94 Namekagon Way
703,Agata,Dearth,adearthji@facebook.com,Non-binary,Venezuela,06426 Jenifer Drive
704,Othilie,Harrad,oharradjj@marketwatch.com,Genderfluid,Philippines,1 Banding Drive
706,Emmott,Gleadhall,egleadhalljl@hc360.com,Non-binary,Russia,29 North Junction
707,Eloisa,Leverage,eleveragejm@blogtalkradio.com,Female,Portugal,900 Lighthouse Bay Plaza
709,James,Grioli,jgriolijo@sbwire.com,Genderfluid,China,455 1st Terrace
710,Christophe,Thexton,cthextonjp@yellowpages.com,Genderfluid,China,8652 Heath Pass
714,Ofilia,Antunez,oantunezjt@github.io,Polygender,Finland,3 Vera Drive
715,Caril,Wiffen,cwiffenju@skyrock.com,Male,Thailand,65 Red Cloud Hill
718,Bobbee,Debrick,bdebrickjx@gizmodo.com,Female,Germany,7921 Leroy Plaza
719,Thaddeus,Kleinholz,tkleinholzjy@go.com,Genderqueer,Russia,803 Rigney Crossing
720,Garnette,Cregg,gcreggjz@accuweather.com,Non-binary,China,4 Cascade Trail
723,Raimondo,Igglesden,rigglesdenk2@businessinsider.com,Male,Russia,9 Harbort Lane
726,Shannon,Gilbard,sgilbardk5@hao123.com,Polygender,Kosovo,91800 Buena Vista Center
728,Norrie,Marcombe,nmarcombek7@sciencedaily.com,Genderqueer,Indonesia,2 Miller Trail
730,Hermon,Kamenar,hkamenark9@go.com,Bigender,Vietnam,87 Duke Drive
731,Elliott,Nares,enareska@reverbnation.com,Male,Indonesia,958 7th Place
733,Morgana,Bedbrough,mbedbroughkc@mlb.com,Male,Russia,60 Spaight Alley
734,Riley,Thorp,rthorpkd@state.gov,Bigender,Greece,032 Goodland Center
736,Jillie,Jesse,jjessekf@sohu.com,Non-binary,Thailand,04 Utah Way
737,Karena,Kingaby,kkingabykg@craigslist.org,Polygender,Indonesia,032 Atwood Road
740,Teodoor,D'Angeli,tdangelikj@columbia.edu,Genderfluid,Sweden,5182 Sunfield Street
742,Moses,Alfonzo,malfonzokl@unc.edu,Bigender,Philippines,27 5th Place
744,Neville,Bulford,nbulfordkn@unesco.org,Polygender,France,915 Susan Plaza
748,Alexina,Martinat,amartinatkr@comsenz.com,Female,Indonesia,12 Steensland Alley
750,Tish,Dericut,tdericutkt@amazon.de,Bigender,Jamaica,9307 Melby Point
754,Curry,Hearfield,chearfieldkx@rakuten.co.jp,Non-binary,Brazil,07617 Jenna Hill
755,Hamish,Rapson,hrapsonky@ebay.com,Agender,Canada,6559 Badeau Plaza
756,Goldy,Lohoar,glohoarkz@fc2.com,Genderfluid,Brazil,865 Thierer Street
760,Meridith,Giffon,mgiffonl3@xing.com,Genderfluid,Netherlands,35271 Northland Hill
761,Jourdain,Stannett,jstannettl4@google.es,Non-binary,Russia,5552 Coleman Court
762,Reena,Hogbourne,rhogbournel5@sitemeter.com,Genderqueer,Philippines,6 Waywood Park
769,Faulkner,Feeny,ffeenylc@businessinsider.com,Genderqueer,Benin,005 Tony Terrace
772,Margaretta,Parkes,mparkeslf@goo.gl,Female,Philippines,35575 Shelley Center
774,Dave,Kleinhaus,dkleinhauslh@buzzfeed.com,Female,Russia,14144 Thackeray Street
775,Siusan,Elks,selksli@seattletimes.com,Male,United States,74 Hovde Pass
777,Gram,Stickland,gsticklandlk@diigo.com,Bigender,China,44 Mayfield Park
778,Terri,Scholz,tscholzll@sfgate.com,Male,Philippines,09321 Jackson Trail
781,Dan,Pavyer,dpavyerlo@imdb.com,Female,China,12 Rutledge Terrace
783,Purcell,Dyer,pdyerlq@geocities.jp,Female,Sweden,1298 Grim Court
784,Dyna,Blasoni,dblasonilr@mayoclinic.com,Agender,Philippines,41 Londonderry Junction
785,Emlyn,Backler,ebacklerls@ning.com,Genderqueer,Russia,2467 Mariners Cove Road
786,Poul,Jerred,pjerredlt@arizona.edu,Non-binary,China,02 Spaight Drive
787,Sabra,Rossbrook,srossbrooklu@ca.gov,Genderfluid,China,32793 Elgar Circle
788,Rene,Avrasin,ravrasinlv@youtu.be,Non-binary,Bulgaria,1 Derek Trail
789,Judd,Clemenceau,jclemenceaulw@tumblr.com,Polygender,Costa Rica,084 Hermina Avenue
791,Guillaume,Muttitt,gmuttittly@surveymonkey.com,Non-binary,China,04 Truax Way
792,Cindie,Reiners,creinerslz@netlog.com,Genderfluid,Russia,89133 Pierstorff Center
794,Midge,Bissatt,mbissattm1@narod.ru,Agender,Indonesia,3680 Buhler Parkway
796,Chilton,Orteau,corteaum3@dedecms.com,Non-binary,Iran,66199 Nancy Avenue
797,Marc,Kowalski,mkowalskim4@kickstarter.com,Bigender,Czech Republic,962 Northport Avenue
799,Vanya,Marages,vmaragesm6@slideshare.net,Polygender,Kazakhstan,833 Talisman Court
801,Wrennie,Jeyes,wjeyesm8@1und1.de,Genderfluid,Philippines,5 Toban Circle
802,Justus,Kondratyuk,jkondratyukm9@gravatar.com,Agender,Russia,277 Grasskamp Circle
803,Kennie,Quixley,kquixleyma@redcross.org,Genderqueer,Mauritius,08 Mariners Cove Alley
804,Deane,Curphey,dcurpheymb@zdnet.com,Male,Indonesia,7 Tomscot Drive
807,Kimberli,Grigoletti,kgrigolettime@nasa.gov,Female,France,6741 Rowland Trail
808,Lucius,Anderton,landertonmf@walmart.com,Polygender,Russia,60517 Harbort Avenue
811,Fredric,Lackham,flackhammi@japanpost.jp,Genderfluid,China,2353 Cherokee Point
813,Dominica,Gepson,dgepsonmk@dailymail.co.uk,Bigender,China,29809 Hagan Crossing
814,Tommi,Parmer,tparmerml@dropbox.com,Bigender,China,87 Anthes Hill
815,Binnie,Lovejoy,blovejoymm@gizmodo.com,Genderqueer,Brazil,477 Ludington Drive
817,Shem,Petrosian,spetrosianmo@epa.gov,Male,Indonesia,93 Pearson Point
818,Deni,Tweddell,dtweddellmp@oracle.com,Agender,Iran,63526 Warrior Hill
823,Loise,Kilgour,lkilgourmu@vinaora.com,Male,Japan,65 Gulseth Road
826,Eb,McIlriach,emcilriachmx@tuttocitta.it,Agender,Indonesia,3434 South Trail
829,Clemmie,Oxbrow,coxbrown0@tuttocitta.it,Bigender,Russia,9074 Nelson Circle
830,Lilian,Fosh,lfoshn1@geocities.jp,Non-binary,China,16 Blue Bill Park Alley
832,Tab,Frodsam,tfrodsamn3@yandex.ru,Male,China,7439 Morningstar Pass
833,Greg,Aizkovitch,gaizkovitchn4@oracle.com,Polygender,Poland,159 Moulton Parkway
834,Link,Leadbitter,lleadbittern5@altervista.org,Genderfluid,Indonesia,6 Twin Pines Parkway
837,Carey,Ballance,cballancen8@tuttocitta.it,Female,Honduras,97150 Center Place
838,Carma,Stonbridge,cstonbridgen9@sitemeter.com,Male,Canada,89499 Bunker Hill Plaza
843,Guglielma,Kubista,gkubistane@jigsy.com,Male,Latvia,127 Nevada Hill
844,Lavinie,Fidge,lfidgenf@jimdo.com,Polygender,China,76 Heath Place
845,Sherm,Dye,sdyeng@cbslocal.com,Agender,United States,9181 Debs Alley
848,Rozella,Quye,rquyenj@com.com,Agender,Colombia,76332 Stephen Circle
849,Morry,Phalp,mphalpnk@huffingtonpost.com,Agender,Peru,630 Eagle Crest Alley
850,Katine,Tasseler,ktasselernl@storify.com,Polygender,Macedonia,111 Heath Point
851,Hannah,Bytheway,hbythewaynm@unc.edu,Male,China,77027 Jenna Way
852,Court,Rentenbeck,crentenbecknn@ask.com,Female,Poland,2 Farragut Circle
855,Alisander,Wager,awagernq@umich.edu,Bigender,Argentina,72 Lakewood Place
856,Harwell,McGilben,hmcgilbennr@usatoday.com,Genderqueer,Spain,469 Harbort Alley
861,Gregorio,Grogor,ggrogornw@wp.com,Non-binary,Poland,56 Brickson Park Circle
863,Kerstin,Kop,kkopny@scientificamerican.com,Female,Cameroon,81382 Anzinger Junction
868,Elisha,Beidebeke,ebeidebekeo3@army.mil,Female,Portugal,8938 Sachtjen Plaza
869,Nari,Chestnut,nchestnuto4@ebay.co.uk,Non-binary,Denmark,157 Fuller Center
871,Timi,Binch,tbincho6@nationalgeographic.com,Genderfluid,France,41 Loftsgordon Junction
873,Harman,Sloegrave,hsloegraveo8@vimeo.com,Bigender,China,84025 Superior Terrace
876,Jonas,Zupone,jzuponeob@jiathis.com,Polygender,Uzbekistan,55957 Morning Pass
883,Nicol,Blasius,nblasiusoi@geocities.com,Agender,Egypt,2 Canary Drive
884,Steven,Rohlfs,srohlfsoj@facebook.com,Genderqueer,Indonesia,436 Stone Corner Plaza
885,Roberto,De Bischof,rdebischofok@mayoclinic.com,Agender,Russia,17604 Weeping Birch Plaza
886,Cosme,Tumilty,ctumiltyol@unblog.fr,Bigender,Indonesia,095 Rusk Crossing
895,Charmain,Haveline,chavelineou@mapquest.com,Female,China,79 Melvin Pass
897,Carter,Leechman,cleechmanow@google.de,Agender,Nigeria,2 Katie Terrace
899,Timi,Stansbie,tstansbieoy@noaa.gov,Male,Poland,0 Kinsman Way
900,Emiline,Woolatt,ewoolattoz@nyu.edu,Genderqueer,Portugal,852 Briar Crest Hill
902,Antin,Owers,aowersp1@jigsy.com,Genderfluid,China,7 Moland Way
904,Audrye,Tanslie,atansliep3@noaa.gov,Non-binary,Vietnam,53 Morning Crossing
905,Arleen,Lysons,alysonsp4@apple.com,Non-binary,Russia,12 Bunker Hill Center
907,Dasie,Catterell,dcatterellp6@baidu.com,Non-binary,Brazil,77 Longview Lane
912,Quincy,Ghelardoni,qghelardonipb@nydailynews.com,Genderqueer,Guatemala,57 Del Mar Drive
918,Maurits,Adam,madamph@biblegateway.com,Genderqueer,Czech Republic,3 Vidon Pass
924,Dynah,Curless,dcurlesspn@jugem.jp,Bigender,Luxembourg,2911 Sherman Avenue
925,Lynnet,Wolfarth,lwolfarthpo@mac.com,Non-binary,Poland,84 Sutteridge Pass
927,Fitzgerald,Maps,fmapspq@ucsd.edu,Female,Cuba,8 Reinke Place
930,Maddalena,Bonus,mbonuspt@illinois.edu,Genderqueer,China,2 Marquette Pass
932,Jenifer,Rackam,jrackampv@furl.net,Male,Sweden,8 7th Terrace
933,Alanah,Gerg,agergpw@homestead.com,Genderqueer,Czech Republic,517 Arizona Alley
934,Nevin,Getsham,ngetshampx@soup.io,Bigender,Malaysia,5 Anderson Plaza
935,Trisha,Gillett,tgillettpy@nydailynews.com,Non-binary,Sweden,9 Steensland Center
936,Edgardo,Privett,eprivettpz@microsoft.com,Non-binary,Russia,86 Maryland Place
937,Giffy,Bayns,gbaynsq0@ed.gov,Male,Kenya,9366 Westport Trail
938,Casar,Tregien,ctregienq1@yolasite.com,Polygender,China,081 Northfield Point
939,Valida,Costigan,vcostiganq2@theatlantic.com,Genderfluid,Nigeria,94400 Holy Cross Alley
940,Teri,McDuall,tmcduallq3@slate.com,Female,China,3 Main Place
941,Nikki,Boulding,nbouldingq4@senate.gov,Bigender,China,7290 Buhler Pass
943,Blisse,Antram,bantramq6@gov.uk,Genderfluid,Sweden,509 Armistice Court
947,Farris,Barnewelle,fbarnewelleqa@nsw.gov.au,Male,Russia,4 Bultman Court
949,Myrilla,Faber,mfaberqc@xing.com,Bigender,Mauritius,054 La Follette Lane
950,Evangeline,Sturge,esturgeqd@businessweek.com,Male,Russia,90 Spohn Place
955,Tildi,Garner,tgarnerqi@liveinternet.ru,Agender,United States,09 Hermina Parkway
956,Amelita,Meachan,ameachanqj@cbslocal.com,Genderfluid,Poland,303 Paget Terrace
960,Ash,Stobie,astobieqn@gnu.org,Non-binary,Indonesia,4263 Graceland Street
961,Hedvige,Althrope,halthropeqo@who.int,Non-binary,Madagascar,164 Mayfield Lane
962,Aldus,Pendre,apendreqp@topsy.com,Agender,Bosnia and Herzegovina,4 Vermont Alley
964,Zitella,Raikes,zraikesqr@vkontakte.ru,Male,Spain,3 Paget Crossing
966,Thurstan,Pargent,tpargentqt@123-reg.co.uk,Agender,Brazil,598 Briar Crest Crossing
969,Forrest,Laybourne,flaybourneqw@columbia.edu,Genderfluid,Nigeria,327 Eastlawn Point
974,Bondon,Bothams,bbothamsr1@ted.com,Genderqueer,France,62845 Twin Pines Lane
976,Valentino,Player,vplayerr3@360.cn,Male,Thailand,3 Crownhardt Crossing
977,Elita,Seif,eseifr4@csmonitor.com,Male,China,220 Glendale Alley
978,Muffin,Standall,mstandallr5@de.vu,Male,Indonesia,59 Brentwood Lane
979,Hannie,Sorsbie,hsorsbier6@canalblog.com,Polygender,United States,67 Veith Junction
980,Cacilie,Pittway,cpittwayr7@behance.net,Female,Philippines,7736 Village Crossing
981,Bastian,Cluer,bcluerr8@usatoday.com,Bigender,China,99909 Havey Center
985,Olwen,Servante,oservanterc@thetimes.co.uk,Female,Tanzania,9 Kipling Way
987,Leland,Iacovolo,liacovolore@paginegialle.it,Bigender,Cameroon,87 Corben Crossing
988,Rosemonde,Chomley,rchomleyrf@oracle.com,Polygender,China,9 Acker Pass
991,Dorree,Clibbery,dclibberyri@kickstarter.com,Polygender,Poland,8 Heffernan Point
992,Marni,Longega,mlongegarj@canalblog.com,Polygender,Philippines,4001 Donald Terrace
995,Maurizio,Le Pine,mlepinerm@google.pl,Non-binary,Portugal,4874 Eastwood Lane
997,Mel,Jesse,mjessero@who.int,Female,Hungary,3499 Monterey Plaza
999,Paco,Aslet,pasletrq@cloudflare.com,Genderqueer,Russia,6908 Park Meadow Parkway
1000,Fawn,Flintuff,fflintuffrr@ustream.tv,Non-binary,Serbia,13592 Carioca Place
